Time,AIR LOOP:DesPer 1:Des Heat Mass Flow [kg/s],AIR LOOP:DesPer 1:Des Heat Cap [W],AIR LOOP:DesPer 1:Des Cool Mass Flow [kg/s],AIR LOOP:DesPer 1:Des Sens Cool Cap [W],AIR LOOP:DesPer 1:Des Tot Cool Cap [W],AIR LOOP:DesPer 2:Des Heat Mass Flow [kg/s],AIR LOOP:DesPer 2:Des Heat Cap [W],AIR LOOP:DesPer 2:Des Cool Mass Flow [kg/s],AIR LOOP:DesPer 2:Des Sens Cool Cap [W],AIR LOOP:DesPer 2:Des Tot Cool Cap [W]
00:10:00,2.765642E+00,0.000000E+00,2.765642E+00,4.553799E+04,1.242411E+05,2.765642E+00,0.000000E+00,2.765642E+00,3.084778E+04,1.008819E+05
00:20:00,2.765642E+00,0.000000E+00,2.765642E+00,4.537681E+04,1.240734E+05,2.765642E+00,0.000000E+00,2.765642E+00,3.084778E+04,1.008819E+05
00:30:00,2.765642E+00,0.000000E+00,2.765642E+00,4.521562E+04,1.239057E+05,2.765642E+00,0.000000E+00,2.765642E+00,3.084778E+04,1.008819E+05
00:40:00,2.765642E+00,0.000000E+00,2.765642E+00,4.505443E+04,1.237381E+05,2.765642E+00,0.000000E+00,2.765642E+00,3.084778E+04,1.008819E+05
00:50:00,2.765642E+00,0.000000E+00,2.765642E+00,4.489325E+04,1.235704E+05,2.765642E+00,0.000000E+00,2.765642E+00,3.084778E+04,1.008819E+05
01:00:00,2.765642E+00,0.000000E+00,2.765642E+00,4.473206E+04,1.234028E+05,2.765642E+00,0.000000E+00,2.765642E+00,3.084778E+04,1.008819E+05
01:10:00,2.765642E+00,0.000000E+00,2.765642E+00,4.462460E+04,1.232910E+05,2.765642E+00,0.000000E+00,2.765642E+00,3.084778E+04,1.008819E+05
01:20:00,2.765642E+00,0.000000E+00,2.765642E+00,4.451714E+04,1.231792E+05,2.765642E+00,0.000000E+00,2.765642E+00,3.084778E+04,1.008819E+05
01:30:00,2.765642E+00,0.000000E+00,2.765642E+00,4.440969E+04,1.230674E+05,2.765642E+00,0.000000E+00,2.765642E+00,3.084778E+04,1.008819E+05
01:40:00,2.765642E+00,0.000000E+00,2.765642E+00,4.430223E+04,1.229557E+05,2.765642E+00,0.000000E+00,2.765642E+00,3.084778E+04,1.008819E+05
01:50:00,2.765642E+00,0.000000E+00,2.765642E+00,4.419477E+04,1.228439E+05,2.765642E+00,0.000000E+00,2.765642E+00,3.084778E+04,1.008819E+05
02:00:00,2.765642E+00,0.000000E+00,2.765642E+00,4.408731E+04,1.227321E+05,2.765642E+00,0.000000E+00,2.765642E+00,3.084778E+04,1.008819E+05
02:10:00,2.765642E+00,0.000000E+00,2.765642E+00,4.400672E+04,1.226483E+05,2.765642E+00,0.000000E+00,2.765642E+00,3.084778E+04,1.008819E+05
02:20:00,2.765642E+00,0.000000E+00,2.765642E+00,4.392613E+04,1.225644E+05,2.765642E+00,0.000000E+00,2.765642E+00,3.084778E+04,1.008819E+05
02:30:00,2.765642E+00,0.000000E+00,2.765642E+00,4.384553E+04,1.224806E+05,2.765642E+00,0.000000E+00,2.765642E+00,3.084778E+04,1.008819E+05
02:40:00,2.765642E+00,0.000000E+00,2.765642E+00,4.376494E+04,1.223967E+05,2.765642E+00,0.000000E+00,2.765642E+00,3.084778E+04,1.008819E+05
02:50:00,2.765642E+00,0.000000E+00,2.765642E+00,4.368435E+04,1.223129E+05,2.765642E+00,0.000000E+00,2.765642E+00,3.084778E+04,1.008819E+05
03:00:00,2.765642E+00,0.000000E+00,2.765642E+00,4.360375E+04,1.222291E+05,2.765642E+00,0.000000E+00,2.765642E+00,3.084778E+04,1.008819E+05
03:10:00,2.765642E+00,0.000000E+00,2.765642E+00,4.352316E+04,1.221453E+05,2.765642E+00,0.000000E+00,2.765642E+00,3.084778E+04,1.008819E+05
03:20:00,2.765642E+00,0.000000E+00,2.765642E+00,4.344257E+04,1.220614E+05,2.765642E+00,0.000000E+00,2.765642E+00,3.084778E+04,1.008819E+05
03:30:00,2.765642E+00,0.000000E+00,2.765642E+00,4.336197E+04,1.219776E+05,2.765642E+00,0.000000E+00,2.765642E+00,3.084778E+04,1.008819E+05
03:40:00,2.765642E+00,0.000000E+00,2.765642E+00,4.328138E+04,1.218938E+05,2.765642E+00,0.000000E+00,2.765642E+00,3.084778E+04,1.008819E+05
03:50:00,2.765642E+00,0.000000E+00,2.765642E+00,4.320079E+04,1.218100E+05,2.765642E+00,0.000000E+00,2.765642E+00,3.084778E+04,1.008819E+05
04:00:00,2.765642E+00,0.000000E+00,2.765642E+00,4.312019E+04,1.217261E+05,2.765642E+00,0.000000E+00,2.765642E+00,3.084778E+04,1.008819E+05
04:10:00,2.765642E+00,0.000000E+00,2.765642E+00,4.306646E+04,1.216702E+05,2.765642E+00,0.000000E+00,2.765642E+00,3.084778E+04,1.008819E+05
04:20:00,2.765642E+00,0.000000E+00,2.765642E+00,4.301274E+04,1.216143E+05,2.765642E+00,0.000000E+00,2.765642E+00,3.084778E+04,1.008819E+05
04:30:00,2.765642E+00,0.000000E+00,2.765642E+00,4.295901E+04,1.215584E+05,2.765642E+00,0.000000E+00,2.765642E+00,3.084778E+04,1.008819E+05
04:40:00,2.765642E+00,0.000000E+00,2.765642E+00,4.290528E+04,1.215025E+05,2.765642E+00,0.000000E+00,2.765642E+00,3.084778E+04,1.008819E+05
04:50:00,2.765642E+00,0.000000E+00,2.765642E+00,4.285155E+04,1.214467E+05,2.765642E+00,0.000000E+00,2.765642E+00,3.084778E+04,1.008819E+05
05:00:00,2.765642E+00,0.000000E+00,2.765642E+00,4.279782E+04,1.213908E+05,2.765642E+00,0.000000E+00,2.765642E+00,3.084778E+04,1.008819E+05
05:10:00,2.765642E+00,0.000000E+00,4.880718E+00,7.365366E+04,1.927837E+05,2.765642E+00,0.000000E+00,2.765642E+00,3.084778E+04,1.008819E+05
05:20:00,2.765642E+00,0.000000E+00,8.379349E+00,1.103292E+05,2.872835E+05,2.765642E+00,0.000000E+00,2.765642E+00,3.084778E+04,1.008819E+05
05:30:00,2.765642E+00,0.000000E+00,8.601301E+00,1.133438E+05,2.808109E+05,2.765642E+00,0.000000E+00,2.765642E+00,3.084778E+04,1.008819E+05
05:40:00,2.765642E+00,0.000000E+00,7.855643E+00,1.049767E+05,2.579508E+05,2.765642E+00,0.000000E+00,2.765642E+00,3.084778E+04,1.008819E+05
05:50:00,2.765642E+00,0.000000E+00,5.757166E+00,7.961359E+04,1.964287E+05,2.765642E+00,0.000000E+00,2.765642E+00,3.084778E+04,1.008819E+05
06:00:00,2.765642E+00,0.000000E+00,5.709343E+00,7.909231E+04,1.911822E+05,2.765642E+00,0.000000E+00,2.765642E+00,3.084778E+04,1.008819E+05
06:10:00,2.765642E+00,0.000000E+00,6.794412E+00,9.365521E+04,2.179726E+05,2.765642E+00,0.000000E+00,2.765642E+00,3.084778E+04,1.008819E+05
06:20:00,2.765642E+00,0.000000E+00,7.493407E+00,9.920033E+04,2.319244E+05,2.765642E+00,0.000000E+00,2.765642E+00,3.084778E+04,1.008819E+05
06:30:00,2.765642E+00,0.000000E+00,7.110439E+00,9.470217E+04,2.181350E+05,2.765642E+00,0.000000E+00,2.765642E+00,3.084778E+04,1.008819E+05
06:40:00,2.765642E+00,0.000000E+00,6.904824E+00,9.254439E+04,2.133916E+05,2.765642E+00,0.000000E+00,2.765642E+00,3.084778E+04,1.008819E+05
06:50:00,2.765642E+00,0.000000E+00,6.304215E+00,8.583464E+04,1.985716E+05,2.765642E+00,0.000000E+00,2.765642E+00,3.084778E+04,1.008819E+05
07:00:00,2.765642E+00,0.000000E+00,6.123437E+00,8.390273E+04,1.938878E+05,2.765642E+00,0.000000E+00,2.765642E+00,3.084778E+04,1.008819E+05
07:10:00,2.765642E+00,0.000000E+00,8.123052E+00,1.082920E+05,2.346884E+05,2.765642E+00,0.000000E+00,2.765642E+00,3.084778E+04,1.008819E+05
07:20:00,2.765642E+00,0.000000E+00,1.029227E+01,1.347575E+05,2.748228E+05,2.765642E+00,0.000000E+00,2.765642E+00,3.084778E+04,1.008819E+05
07:30:00,2.765642E+00,0.000000E+00,1.056453E+01,1.383992E+05,2.786956E+05,2.765642E+00,0.000000E+00,2.765642E+00,3.084778E+04,1.008819E+05
07:40:00,2.765642E+00,0.000000E+00,1.105146E+01,1.444810E+05,2.861662E+05,2.765642E+00,0.000000E+00,2.765642E+00,3.084778E+04,1.008819E+05
07:50:00,2.765642E+00,0.000000E+00,1.168160E+01,1.521714E+05,2.973298E+05,2.765642E+00,0.000000E+00,2.765642E+00,3.084778E+04,1.008819E+05
08:00:00,2.765642E+00,0.000000E+00,1.236367E+01,1.604403E+05,3.071007E+05,2.765642E+00,0.000000E+00,2.765642E+00,3.084778E+04,1.008819E+05
08:10:00,2.765642E+00,0.000000E+00,1.320846E+01,1.707121E+05,3.192735E+05,2.765642E+00,0.000000E+00,2.765642E+00,3.084778E+04,1.008819E+05
08:20:00,2.765642E+00,0.000000E+00,1.404344E+01,1.808617E+05,3.325324E+05,2.765642E+00,0.000000E+00,2.765642E+00,3.084778E+04,1.008819E+05
08:30:00,2.765642E+00,0.000000E+00,1.468852E+01,1.887330E+05,3.427627E+05,2.765642E+00,0.000000E+00,2.765642E+00,3.084778E+04,1.008819E+05
08:40:00,2.765642E+00,0.000000E+00,1.528851E+01,1.960741E+05,3.519250E+05,2.765642E+00,0.000000E+00,2.765642E+00,3.084778E+04,1.008819E+05
08:50:00,2.765642E+00,0.000000E+00,1.585366E+01,2.030258E+05,3.605670E+05,2.765642E+00,0.000000E+00,2.765642E+00,3.084778E+04,1.008819E+05
09:00:00,2.765642E+00,0.000000E+00,1.637974E+01,2.095289E+05,3.686156E+05,2.765642E+00,0.000000E+00,2.765642E+00,3.084778E+04,1.008819E+05
09:10:00,2.765642E+00,0.000000E+00,1.719141E+01,2.194061E+05,3.819862E+05,2.765642E+00,0.000000E+00,2.765642E+00,3.084778E+04,1.008819E+05
09:20:00,2.765642E+00,0.000000E+00,1.799362E+01,2.291822E+05,3.960985E+05,2.765642E+00,0.000000E+00,2.765642E+00,3.084778E+04,1.008819E+05
09:30:00,2.765642E+00,0.000000E+00,1.847643E+01,2.351500E+05,4.044958E+05,2.765642E+00,0.000000E+00,2.765642E+00,3.084778E+04,1.008819E+05
09:40:00,2.765642E+00,0.000000E+00,1.894342E+01,2.409378E+05,4.122789E+05,2.765642E+00,0.000000E+00,2.765642E+00,3.084778E+04,1.008819E+05
09:50:00,2.765642E+00,0.000000E+00,1.939173E+01,2.465125E+05,4.194399E+05,2.765642E+00,0.000000E+00,2.765642E+00,3.084778E+04,1.008819E+05
10:00:00,2.765642E+00,0.000000E+00,1.982031E+01,2.518635E+05,4.261547E+05,2.765642E+00,0.000000E+00,2.765642E+00,3.084778E+04,1.008819E+05
10:10:00,2.765642E+00,0.000000E+00,2.022520E+01,2.568913E+05,4.324272E+05,2.765642E+00,0.000000E+00,2.765642E+00,3.084778E+04,1.008819E+05
10:20:00,2.765642E+00,0.000000E+00,2.060262E+01,2.616052E+05,4.382936E+05,2.765642E+00,0.000000E+00,2.765642E+00,3.084778E+04,1.008819E+05
10:30:00,2.765642E+00,0.000000E+00,2.093666E+01,2.658129E+05,4.434733E+05,2.765642E+00,0.000000E+00,2.765642E+00,3.084778E+04,1.008819E+05
10:40:00,2.765642E+00,0.000000E+00,2.121754E+01,2.693999E+05,4.478274E+05,2.765642E+00,0.000000E+00,2.765642E+00,3.084778E+04,1.008819E+05
10:50:00,2.765642E+00,0.000000E+00,2.146275E+01,2.725751E+05,4.516778E+05,2.765642E+00,0.000000E+00,2.765642E+00,3.084778E+04,1.008819E+05
11:00:00,2.765642E+00,0.000000E+00,2.168697E+01,2.755114E+05,4.552581E+05,2.765642E+00,0.000000E+00,2.765642E+00,3.084778E+04,1.008819E+05
11:10:00,2.765642E+00,0.000000E+00,2.190463E+01,2.782511E+05,4.586729E+05,2.765642E+00,0.000000E+00,2.765642E+00,3.084778E+04,1.008819E+05
11:20:00,2.765642E+00,0.000000E+00,2.212187E+01,2.810028E+05,4.621388E+05,2.765642E+00,0.000000E+00,2.765642E+00,3.084778E+04,1.008819E+05
11:30:00,2.765642E+00,0.000000E+00,2.232892E+01,2.836478E+05,4.654578E+05,2.765642E+00,0.000000E+00,2.765642E+00,3.084778E+04,1.008819E+05
11:40:00,2.765642E+00,0.000000E+00,2.252081E+01,2.861253E+05,4.685421E+05,2.765642E+00,0.000000E+00,2.765642E+00,3.084778E+04,1.008819E+05
11:50:00,2.765642E+00,0.000000E+00,2.269742E+01,2.884327E+05,4.713971E+05,2.765642E+00,0.000000E+00,2.765642E+00,3.084778E+04,1.008819E+05
12:00:00,2.765642E+00,0.000000E+00,2.285913E+01,2.905735E+05,4.740354E+05,2.765642E+00,0.000000E+00,2.765642E+00,3.084778E+04,1.008819E+05
12:10:00,2.765642E+00,0.000000E+00,2.284848E+01,2.906096E+05,4.735670E+05,2.765642E+00,0.000000E+00,2.765642E+00,3.084778E+04,1.008819E+05
12:20:00,2.765642E+00,0.000000E+00,2.281692E+01,2.904071E+05,4.723197E+05,2.765642E+00,0.000000E+00,2.765642E+00,3.084778E+04,1.008819E+05
12:30:00,2.765642E+00,0.000000E+00,2.292490E+01,2.918844E+05,4.736421E+05,2.765642E+00,0.000000E+00,2.765642E+00,3.084778E+04,1.008819E+05
12:40:00,2.765642E+00,0.000000E+00,2.302369E+01,2.932590E+05,4.750655E+05,2.765642E+00,0.000000E+00,2.765642E+00,3.084778E+04,1.008819E+05
12:50:00,2.765642E+00,0.000000E+00,2.311522E+01,2.945515E+05,4.765653E+05,2.765642E+00,0.000000E+00,2.765642E+00,3.084778E+04,1.008819E+05
13:00:00,2.765642E+00,0.000000E+00,2.320268E+01,2.957967E+05,4.780791E+05,2.765642E+00,0.000000E+00,2.765642E+00,3.084778E+04,1.008819E+05
13:10:00,2.765642E+00,0.000000E+00,2.328411E+01,2.968900E+05,4.794215E+05,2.765642E+00,0.000000E+00,2.765642E+00,3.084778E+04,1.008819E+05
13:20:00,2.765642E+00,0.000000E+00,2.336148E+01,2.979338E+05,4.806935E+05,2.765642E+00,0.000000E+00,2.765642E+00,3.084778E+04,1.008819E+05
13:30:00,2.765642E+00,0.000000E+00,2.344010E+01,2.989898E+05,4.819837E+05,2.765642E+00,0.000000E+00,2.765642E+00,3.084778E+04,1.008819E+05
13:40:00,2.765642E+00,0.000000E+00,2.352032E+01,3.000618E+05,4.832979E+05,2.765642E+00,0.000000E+00,2.765642E+00,3.084778E+04,1.008819E+05
13:50:00,2.765642E+00,0.000000E+00,2.360228E+01,3.011511E+05,4.846364E+05,2.765642E+00,0.000000E+00,2.765642E+00,3.084778E+04,1.008819E+05
14:00:00,2.765642E+00,0.000000E+00,2.368277E+01,3.022211E+05,4.859467E+05,2.765642E+00,0.000000E+00,2.765642E+00,3.084778E+04,1.008819E+05
14:10:00,2.765642E+00,0.000000E+00,2.390599E+01,3.048681E+05,4.896724E+05,2.765642E+00,0.000000E+00,2.765642E+00,3.084778E+04,1.008819E+05
14:20:00,2.765642E+00,0.000000E+00,2.411945E+01,3.074019E+05,4.937752E+05,2.765642E+00,0.000000E+00,2.765642E+00,3.084778E+04,1.008819E+05
14:30:00,2.765642E+00,0.000000E+00,2.417190E+01,3.080118E+05,4.950419E+05,2.765642E+00,0.000000E+00,2.765642E+00,3.084778E+04,1.008819E+05
14:40:00,2.765642E+00,0.000000E+00,2.421207E+01,3.084804E+05,4.958761E+05,2.765642E+00,0.000000E+00,2.765642E+00,3.084778E+04,1.008819E+05
14:50:00,2.765642E+00,0.000000E+00,2.424013E+01,3.088103E+05,4.963411E+05,2.765642E+00,0.000000E+00,2.765642E+00,3.084778E+04,1.008819E+05
15:00:00,2.765642E+00,0.000000E+00,2.425572E+01,3.089984E+05,4.965526E+05,2.765642E+00,0.000000E+00,2.765642E+00,3.084778E+04,1.008819E+05
15:10:00,2.765642E+00,0.000000E+00,2.424923E+01,3.087715E+05,4.962527E+05,2.765642E+00,0.000000E+00,2.765642E+00,3.084778E+04,1.008819E+05
15:20:00,2.765642E+00,0.000000E+00,2.421712E+01,3.082513E+05,4.955861E+05,2.765642E+00,0.000000E+00,2.765642E+00,3.084778E+04,1.008819E+05
15:30:00,2.765642E+00,0.000000E+00,2.418893E+01,3.077916E+05,4.950784E+05,2.765642E+00,0.000000E+00,2.765642E+00,3.084778E+04,1.008819E+05
15:40:00,2.765642E+00,0.000000E+00,2.417841E+01,3.075575E+05,4.949158E+05,2.765642E+00,0.000000E+00,2.765642E+00,3.084778E+04,1.008819E+05
15:50:00,2.765642E+00,0.000000E+00,2.417341E+01,3.074002E+05,4.948326E+05,2.765642E+00,0.000000E+00,2.765642E+00,3.084778E+04,1.008819E+05
16:00:00,2.765642E+00,0.000000E+00,2.416374E+01,3.071989E+05,4.946500E+05,2.765642E+00,0.000000E+00,2.765642E+00,3.084778E+04,1.008819E+05
16:10:00,2.765642E+00,0.000000E+00,2.411898E+01,3.065384E+05,4.938110E+05,2.765642E+00,0.000000E+00,2.765642E+00,3.084778E+04,1.008819E+05
16:20:00,2.765642E+00,0.000000E+00,2.402554E+01,3.053096E+05,4.921987E+05,2.765642E+00,0.000000E+00,2.765642E+00,3.084778E+04,1.008819E+05
16:30:00,2.765642E+00,0.000000E+00,2.389634E+01,3.036679E+05,4.900805E+05,2.765642E+00,0.000000E+00,2.765642E+00,3.084778E+04,1.008819E+05
16:40:00,2.765642E+00,0.000000E+00,2.373670E+01,3.016775E+05,4.875461E+05,2.765642E+00,0.000000E+00,2.765642E+00,3.084778E+04,1.008819E+05
16:50:00,2.765642E+00,0.000000E+00,2.354837E+01,2.993595E+05,4.846070E+05,2.765642E+00,0.000000E+00,2.765642E+00,3.084778E+04,1.008819E+05
17:00:00,2.765642E+00,0.000000E+00,2.333076E+01,2.967060E+05,4.812362E+05,2.765642E+00,0.000000E+00,2.765642E+00,3.084778E+04,1.008819E+05
17:10:00,2.765642E+00,0.000000E+00,2.073259E+01,2.757273E+05,4.515578E+05,2.765642E+00,0.000000E+00,2.765642E+00,3.084778E+04,1.008819E+05
17:20:00,2.765642E+00,0.000000E+00,1.824013E+01,2.397883E+05,4.027660E+05,2.765642E+00,0.000000E+00,2.765642E+00,3.084778E+04,1.008819E+05
17:30:00,2.765642E+00,0.000000E+00,1.807439E+01,2.380681E+05,4.002713E+05,2.765642E+00,0.000000E+00,2.765642E+00,3.084778E+04,1.008819E+05
17:40:00,2.765642E+00,0.000000E+00,1.790733E+01,2.360617E+05,3.976489E+05,2.765642E+00,0.000000E+00,2.765642E+00,3.084778E+04,1.008819E+05
17:50:00,2.765642E+00,0.000000E+00,1.773130E+01,2.338443E+05,3.948078E+05,2.765642E+00,0.000000E+00,2.765642E+00,3.084778E+04,1.008819E+05
18:00:00,2.765642E+00,0.000000E+00,1.753436E+01,2.313673E+05,3.916317E+05,2.765642E+00,0.000000E+00,2.765642E+00,3.084778E+04,1.008819E+05
18:10:00,2.765642E+00,0.000000E+00,1.715096E+01,2.265102E+05,3.848796E+05,2.765642E+00,0.000000E+00,2.765642E+00,3.084778E+04,1.008819E+05
18:20:00,2.765642E+00,0.000000E+00,1.671461E+01,2.210230E+05,3.770261E+05,2.765642E+00,0.000000E+00,2.765642E+00,3.084778E+04,1.008819E+05
18:30:00,2.765642E+00,0.000000E+00,1.635258E+01,2.164362E+05,3.709200E+05,2.765642E+00,0.000000E+00,2.765642E+00,3.084778E+04,1.008819E+05
18:40:00,2.765642E+00,0.000000E+00,1.590612E+01,2.108469E+05,3.636376E+05,2.765642E+00,0.000000E+00,2.765642E+00,3.084778E+04,1.008819E+05
18:50:00,2.765642E+00,0.000000E+00,1.538858E+01,2.044057E+05,3.552397E+05,2.765642E+00,0.000000E+00,2.765642E+00,3.084778E+04,1.008819E+05
19:00:00,2.765642E+00,0.000000E+00,1.482359E+01,1.973675E+05,3.460433E+05,2.765642E+00,0.000000E+00,2.765642E+00,3.084778E+04,1.008819E+05
19:10:00,2.765642E+00,0.000000E+00,7.302903E+00,1.119558E+05,2.220354E+05,2.765642E+00,0.000000E+00,2.765642E+00,3.084778E+04,1.008819E+05
19:20:00,2.765642E+00,0.000000E+00,2.765642E+00,5.203919E+04,1.310037E+05,2.765642E+00,0.000000E+00,2.765642E+00,3.084778E+04,1.008819E+05
19:30:00,2.765642E+00,0.000000E+00,2.765642E+00,5.174368E+04,1.306963E+05,2.765642E+00,0.000000E+00,2.765642E+00,3.084778E+04,1.008819E+05
19:40:00,2.765642E+00,0.000000E+00,2.765642E+00,5.144817E+04,1.303889E+05,2.765642E+00,0.000000E+00,2.765642E+00,3.084778E+04,1.008819E+05
19:50:00,2.765642E+00,0.000000E+00,2.765642E+00,5.115266E+04,1.300815E+05,2.765642E+00,0.000000E+00,2.765642E+00,3.084778E+04,1.008819E+05
20:00:00,2.765642E+00,0.000000E+00,2.765642E+00,5.085715E+04,1.297741E+05,2.765642E+00,0.000000E+00,2.765642E+00,3.084778E+04,1.008819E+05
20:10:00,2.765642E+00,0.000000E+00,2.765642E+00,5.061537E+04,1.295226E+05,2.765642E+00,0.000000E+00,2.765642E+00,3.084778E+04,1.008819E+05
20:20:00,2.765642E+00,0.000000E+00,2.765642E+00,5.037359E+04,1.292711E+05,2.765642E+00,0.000000E+00,2.765642E+00,3.084778E+04,1.008819E+05
20:30:00,2.765642E+00,0.000000E+00,2.765642E+00,5.013181E+04,1.290196E+05,2.765642E+00,0.000000E+00,2.765642E+00,3.084778E+04,1.008819E+05
20:40:00,2.765642E+00,0.000000E+00,2.765642E+00,4.989003E+04,1.287681E+05,2.765642E+00,0.000000E+00,2.765642E+00,3.084778E+04,1.008819E+05
20:50:00,2.765642E+00,0.000000E+00,2.765642E+00,4.964825E+04,1.285166E+05,2.765642E+00,0.000000E+00,2.765642E+00,3.084778E+04,1.008819E+05
21:00:00,2.765642E+00,0.000000E+00,2.765642E+00,4.940647E+04,1.282651E+05,2.765642E+00,0.000000E+00,2.765642E+00,3.084778E+04,1.008819E+05
21:10:00,2.765642E+00,0.000000E+00,2.765642E+00,4.916469E+04,1.280136E+05,2.765642E+00,0.000000E+00,2.765642E+00,3.084778E+04,1.008819E+05
21:20:00,2.765642E+00,0.000000E+00,2.765642E+00,4.892291E+04,1.277621E+05,2.765642E+00,0.000000E+00,2.765642E+00,3.084778E+04,1.008819E+05
21:30:00,2.765642E+00,0.000000E+00,2.765642E+00,4.868113E+04,1.275106E+05,2.765642E+00,0.000000E+00,2.765642E+00,3.084778E+04,1.008819E+05
21:40:00,2.765642E+00,0.000000E+00,2.765642E+00,4.843935E+04,1.272591E+05,2.765642E+00,0.000000E+00,2.765642E+00,3.084778E+04,1.008819E+05
21:50:00,2.765642E+00,0.000000E+00,2.765642E+00,4.819757E+04,1.270076E+05,2.765642E+00,0.000000E+00,2.765642E+00,3.084778E+04,1.008819E+05
22:00:00,2.765642E+00,0.000000E+00,2.765642E+00,4.795579E+04,1.267561E+05,2.765642E+00,0.000000E+00,2.765642E+00,3.084778E+04,1.008819E+05
22:10:00,2.765642E+00,0.000000E+00,2.765642E+00,4.776774E+04,1.265605E+05,2.765642E+00,0.000000E+00,2.765642E+00,3.084778E+04,1.008819E+05
22:20:00,2.765642E+00,0.000000E+00,2.765642E+00,4.757969E+04,1.263649E+05,2.765642E+00,0.000000E+00,2.765642E+00,3.084778E+04,1.008819E+05
22:30:00,2.765642E+00,0.000000E+00,2.765642E+00,4.739164E+04,1.261692E+05,2.765642E+00,0.000000E+00,2.765642E+00,3.084778E+04,1.008819E+05
22:40:00,2.765642E+00,0.000000E+00,2.765642E+00,4.720359E+04,1.259736E+05,2.765642E+00,0.000000E+00,2.765642E+00,3.084778E+04,1.008819E+05
22:50:00,2.765642E+00,0.000000E+00,2.765642E+00,4.701554E+04,1.257780E+05,2.765642E+00,0.000000E+00,2.765642E+00,3.084778E+04,1.008819E+05
23:00:00,2.765642E+00,0.000000E+00,2.765642E+00,4.682749E+04,1.255824E+05,2.765642E+00,0.000000E+00,2.765642E+00,3.084778E+04,1.008819E+05
23:10:00,2.765642E+00,0.000000E+00,2.765642E+00,4.663943E+04,1.253868E+05,2.765642E+00,0.000000E+00,2.765642E+00,3.084778E+04,1.008819E+05
23:20:00,2.765642E+00,0.000000E+00,2.765642E+00,4.645138E+04,1.251912E+05,2.765642E+00,0.000000E+00,2.765642E+00,3.084778E+04,1.008819E+05
23:30:00,2.765642E+00,0.000000E+00,2.765642E+00,4.626333E+04,1.249955E+05,2.765642E+00,0.000000E+00,2.765642E+00,3.084778E+04,1.008819E+05
23:40:00,2.765642E+00,0.000000E+00,2.765642E+00,4.607528E+04,1.248000E+05,2.765642E+00,0.000000E+00,2.765642E+00,3.084778E+04,1.008819E+05
23:50:00,2.765642E+00,0.000000E+00,2.765642E+00,4.588723E+04,1.246043E+05,2.765642E+00,0.000000E+00,2.765642E+00,3.084778E+04,1.008819E+05
24:00:00,2.765642E+00,0.000000E+00,2.765642E+00,4.569918E+04,1.244087E+05,2.765642E+00,0.000000E+00,2.765642E+00,3.084778E+04,1.008819E+05
Coinc Peak   ,0.000000E+00,2.425572E+01,0.000000E+00,3.089984E+05
NonCoinc Peak,2.765642E+00,2.500322E+01,0.000000E+00,3.089984E+05
